product_id,url
product-207822290,https://www.asos.com/mango/mango-regular-fit-suit-co-ord-in-brown/grp/207822290#colourWayId-207380477
product-207737610,https://www.asos.com/prohibited/prohibited-tonal-script-logo-hoodie-co-ord-in-black/grp/207737610#colourWayId-207253707
product-207655844,https://www.asos.com/asos-design/asos-design-co-ord-hoodie-and-jogger-with-raw-hem-in-grey/grp/207655844
product-207800984,https://www.asos.com/asos-design/minsk/grp/207800984#colourWayId-207597105
product-207486803,https://www.asos.com/new-look/new-look-washed-hoodie-co-ord-in-black/grp/207486803#colourWayId-207250111
product-207779492,https://www.asos.com/asos-design/asos-design-cropped-slim-smart-co-ord-in-charcoal/grp/207779492#colourWayId-206332692
product-207655847,https://www.asos.com/asos-design/asos-design-hoodie-and-jogger-co-ord/grp/207655847#colourWayId-207649321
product-207728368,https://www.asos.com/reclaimed-vintage/reclaimed-vintage-unisex-heavyweight-co-ord-in-navy/grp/207728368#colourWayId-207599215
product-207402743,https://www.asos.com/new-look/new-look-jersey-co-ord-in-vintage-indigo/grp/207402743#colourWayId-207172142
product-207421641,https://www.asos.com/reclaimed-vintage/reclaimed-vintage-unisex-waffle-black-co-ord/grp/207421641
product-207310998,https://www.asos.com/asos-design/asos-design-oversized-bomber-smart-co-ord-in-black/grp/207310998
product-207395084,https://www.asos.com/asos-design/asos-design-cropped-slim-smart-co-ord-in-black/grp/207395084#colourWayId-206332699
product-207562160,https://www.asos.com/new-look/new-look-jersey-co-ord-in-navy/grp/207562160
product-207652837,https://www.asos.com/asos-design/asos-design-co-ord-wide-leg-jogger-and-half-zip-in-brown/grp/207652837
product-207291623,https://www.asos.com/asos-design/asos-design-knitted-t-shirt-and-cardigan-co-ord-in-brown/grp/207291623#colourWayId-206785012
product-207432660,https://www.asos.com/reclaimed-vintage/reclaimed-vintage-unisex-western-denim-co-ord-in-clean-indigo/grp/207432660#colourWayId-206959160
product-207728518,https://www.asos.com/reclaimed-vintage/reclaimed-vintage-unisex-heavyweight-boxy-co-ord-in-grey-marl/grp/207728518#colourWayId-207622676
product-207728543,https://www.asos.com/reclaimed-vintage/reclaimed-vintage-unisex-heavyweight-boxy-co-ord-in-washed-black/grp/207728543#colourWayId-207622712
product-207796697,https://www.asos.com/jack-jones/jack-jones-tech-co-ord-in-black/grp/207796697
product-207723605,https://www.asos.com/reclaimed-vintage/reclaimed-vintage-heavyweight-boxy-co-ord-in-charcoal/grp/207723605
product-207679959,https://www.asos.com/asos-design/asos-design-smart-co-ord-in-navy/grp/207679959
product-207679962,https://www.asos.com/asos-design/asos-design-smart-co-ord-harrington-in-black/grp/207679962#colourWayId-206693537
product-207291882,https://www.asos.com/asos-design/asos-design-knitted-t-shirt-and-cardigan-co-ord-in-khaki/grp/207291882
product-207651187,https://www.asos.com/asos-design/asos-design-smart-co-ord-in-navy-rib/grp/207651187#colourWayId-206669247
product-207522844,https://www.asos.com/weekday/weekday-co-ord-boxy-sweatshirt-with-stitch-detail-and-relaxed-joggers-in-black-acid-wash/grp/207522844#colourWayId-207165262
product-207563068,https://www.asos.com/asos-design/asos-design-co-ord-relaxed-knitted-in-black/grp/207563068#colourWayId-207444148
product-207032212,https://www.asos.com/reclaimed-vintage/reclaimed-vintage-unisex-checked-in-pink-check/grp/207032212#colourWayId-205990802
product-207190258,https://www.asos.com/asos-design/asos-design-linen-stripe-smart-co-ord/grp/207190258#colourWayId-205463187
product-207386797,https://www.asos.com/sixth-june/sixth-june-co-ord-oversized-textured-set-in-white/grp/207386797#colourWayId-206099174
product-207395079,https://www.asos.com/asos-design/asos-design-smart-co-ord-collar-in-light-khaki/grp/207395079
product-207395081,https://www.asos.com/asos-design/asos-design-smart-co-ord-slim-fit-in-white/grp/207395081#colourWayId-206458371
product-207395933,https://www.asos.com/asos-design/asos-design-smart-co-ord-in-blue/grp/207395933
product-206831339,https://www.asos.com/collusion/collusion-relaxed-skate-joggers-with-co-ordinates-in-black/prd/206831339#colourWayId-206831340
product-206621540,https://www.asos.com/collusion/collusion-unisex-logo-hoodie-co-ord-in-grey-marl/prd/206621540#colourWayId-206621567
product-206619343,https://www.asos.com/collusion/collusion-unisex-logo-joggers-co-ord-in-grey-marl/prd/206619343#colourWayId-206619344
product-206726768,https://www.asos.com/collusion/collusion-unisex-oversized-blazer-in-olive-co-ord/prd/206726768#colourWayId-206726772
product-206782943,https://www.asos.com/asos-design/asos-design-acid-washed-cord-puffer-jacket-in-navy/prd/206782943#colourWayId-206782954
product-206727573,https://www.asos.com/asos-design/asos-design-oversized-harrington-jacket-with-cord-collar-in-khaki/prd/206727573#colourWayId-206727574
product-205707577,https://www.asos.com/asos-design/asos-design-loungewear-set-with-t-shirt-and-shorts-in-stone-textured-rib/prd/205707577#colourWayId-205707578
product-206769389,https://www.asos.com/collusion/collusion-unisex-co-ord-oversized-blazer-in-pinstripe/prd/206769389#colourWayId-206769390
product-207082395,https://www.asos.com/collusion/collusion-unisex-nylon-jacket-with-contrast-seam-and-print-co-ord-in-navy/prd/207082395#colourWayId-207082396
product-207622741,https://www.asos.com/reclaimed-vintage/reclaimed-vintage-unisex-heavyweight-boxy-co-ord-in-grey-marl/grp/207728518#colourWayId-207622760&productId-207622741
product-206832335,https://www.asos.com/collusion/collusion-unisex-relaxed-skate-joggers-co-ord-in-ecru/prd/206832335#colourWayId-206832336
product-206822117,https://www.asos.com/armani-exchange/armani-exchange-co-ord-hoodie-in-navy/prd/206822117#colourWayId-206822155
product-207172135,https://www.asos.com/new-look/new-look-jersey-co-ord-in-vintage-indigo/grp/207402743#colourWayId-207172142&productId-207172135
product-207655623,https://www.asos.com/asos-design/asos-design-co-ord-heavyweight-super-baggy-jogger-in-grey-marl/prd/207655623#colourWayId-207655624
product-206937709,https://www.asos.com/abercrombie-fitch/abercrombie-fitch-co-ord-script-logo-hoodie-in-dark-green-with-back-embroidery/prd/206937709#colourWayId-206937736
product-207355984,https://www.asos.com/hollister/hollister-boxy-logo-motif-hoodie-co-ord-in-charcoal/prd/207355984#colourWayId-207356000
product-207004279,https://www.asos.com/liquor-n-poker/liquor-n-poker-textured-denim-jacket-co-ord-in-stone-wash/prd/207004279#colourWayId-207004289
product-207250015,https://www.asos.com/new-look/new-look-jersey-co-ord-in-vintage-indigo/grp/207402743#colourWayId-207250017&productId-207250015
product-207653851,https://www.asos.com/asos-design/asos-design-hoodie-and-jogger-co-ord/grp/207655847#colourWayId-207653852&productId-207653851
product-206515047,https://www.asos.com/collusion/collusion-relaxed-co-ordinate-print-skate-joggers-co-ord-in-grey-marl/prd/206515047#colourWayId-206515048
product-206416131,https://www.asos.com/reclaimed-vintage/reclaimed-vintage-unisex-waffle-black-co-ord/grp/207421641#colourWayId-206416132&productId-206416131
product-206898334,https://www.asos.com/asos-design/asos-design-boxy-cord-overshirt-with-poppers-in-green-with-badge-detail/prd/206898334#colourWayId-206898336
product-207327635,https://www.asos.com/abercrombie-fitch/abercrombie-fitch-timeless-logo-half-zip-sweatshirt-in-dark-grey-co-ord/prd/207327635#colourWayId-207327720
product-207355846,https://www.asos.com/hollister/hollister-boxy-logo-motif-hoodie-co-ord-in-grey/prd/207355846#colourWayId-207355857
product-206073716,https://www.asos.com/asos-design/asos-design-co-ord-zip-up-denim-jacket-with-white-panels-in-90s-mid-wash-blue/prd/206073716#colourWayId-206073729
product-206417121,https://www.asos.com/asos-design/asos-design-smart-co-ord-wide-leg-cargo-trousers-in-black/prd/206417121#colourWayId-206417122
product-206623732,https://www.asos.com/asos-design/capsule-collection-wrought-iron/grp/207172402#colourWayId-206623733&productId-206623732
product-207655689,https://www.asos.com/asos-design/asos-design-co-ord-heavyweight-oversized-dropped-shoulder-hoodie-in-grey-marl/prd/207655689#colourWayId-207655690
product-207356488,https://www.asos.com/hollister/hollister-boxy-mini-logo-motif-hoodie-co-ord-in-navy/prd/207356488#colourWayId-207356490
product-206192533,https://www.asos.com/asos-design/asos-design-oversized-bomber-smart-co-ord-in-black/grp/207310998#colourWayId-206192535&productId-206192533
product-206332705,https://www.asos.com/asos-design/asos-design-cropped-slim-smart-co-ord-in-black/grp/207395084#colourWayId-206332706&productId-206332705
product-206669158,https://www.asos.com/asos-design/asos-design-smart-co-ord-in-black-rib/grp/207622858#colourWayId-206669159&productId-206669158
product-206898782,https://www.asos.com/collusion/collusion-x002-baggy-jeans-in-black-and-white-check-co-ord-multi/prd/206898782#colourWayId-206898783
product-206916420,https://www.asos.com/asos-design/asos-design-rib-lounge-set-with-long-sleeve-t-shirt-and-bottoms-in-blue/prd/206916420#colourWayId-206916421
product-206717245,https://www.asos.com/asos-design/asos-design-rib-lounge-set-with-t-shirt-and-shorts-in-khaki/prd/206717245#colourWayId-206717246
product-206989207,https://www.asos.com/topman/topman-co-ord-oversized-fit-tracksuit-with-double-piping-detail-in-black/grp/207621048#colourWayId-206989216&productId-206989207
product-206989333,https://www.asos.com/topman/topman-oversized-co-ord-with-double-piping-detail-in-sporty-green/grp/207437273#colourWayId-206989334&productId-206989333
product-206991541,https://www.asos.com/new-look/new-look-jersey-co-ord-in-navy/grp/207562160#colourWayId-206991542&productId-206991541
product-207017090,https://www.asos.com/fred-perry/fred-perry-co-ord-taped-track-jacket-in-black-with-contrast-trim/prd/207017090#colourWayId-207017093
product-207037508,https://www.asos.com/asos-design/asos-design-co-ord-knitted-crew-neck-t-shirt-in-stone/prd/207037508#colourWayId-207037516
product-207259523,https://www.asos.com/hollister/hollister-baggy-track-pant-co-ord-in-black/prd/207259523#colourWayId-207259524
product-207437273,https://www.asos.com/topman/topman-oversized-co-ord-with-double-piping-detail-in-sporty-green/grp/207437273#colourWayId-206989279
product-206816422,https://www.asos.com/reclaimed-vintage/reclaimed-vintage-frayed-suit-in-beige/grp/207702240#colourWayId-206816423&productId-206816422
product-206831312,https://www.asos.com/collusion/collusion-relaxed-skate-joggers-with-co-ordinates-in-blue/prd/206831312#colourWayId-206831314
product-207355767,https://www.asos.com/hollister/hollister-boxy-mini-logo-motif-hoodie-co-ord-in-beige/prd/207355767#colourWayId-207355792
product-207355975,https://www.asos.com/hollister/hollister-baggy-straight-leg-motif-jogger-co-ord-in-beige/prd/207355975#colourWayId-207356010
product-207291908,https://www.asos.com/asos-design/asos-design-co-ord-wide-leg-jogger-and-half-zip-in-brown/grp/207652837#colourWayId-207291911&productId-207291908
product-207355920,https://www.asos.com/hollister/hollister-baggy-straight-leg-motif-jogger-co-ord-in-grey/prd/207355920#colourWayId-207355929
product-206168652,https://www.asos.com/asos-design/asos-design-oversized-bomber-smart-co-ord-in-black/grp/207310998#colourWayId-206168661&productId-206168652
product-206192576,https://www.asos.com/asos-design/asos-design-smart-co-ord-collar-shirt-jacket-in-light-grey/grp/207487664#colourWayId-206192580&productId-206192576
product-206489760,https://www.asos.com/topman/topman-slim-tux-suit-in-black/grp/207652917#colourWayId-206489761&productId-206489760
product-206584454,https://www.asos.com/reclaimed-vintage/reclaimed-vintage-unisex-western-co-ord-with-embroidery-in-blue-wash/grp/207311771#colourWayId-206584455&productId-206584454
product-206688940,https://www.asos.com/reclaimed-vintage/reclaimed-vintage-genderless-longline-tailored-co-ord/grp/207414934#colourWayId-206688941&productId-206688940
product-206702542,https://www.asos.com/asos-design/spider-co-ord/grp/207726627#colourWayId-206702544&productId-206702542
product-206784995,https://www.asos.com/asos-design/asos-design-knitted-t-shirt-and-button-through-cardigan-co-ord-in-khaki/grp/207291627#colourWayId-206785002&productId-206784995
product-206827709,https://www.asos.com/asos-design/asos-design-knitted-t-shirt-and-cardigan-co-ord-in-brown/grp/207291623#colourWayId-206827710&productId-206827709
product-207291627,https://www.asos.com/asos-design/asos-design-knitted-t-shirt-and-button-through-cardigan-co-ord-in-khaki/grp/207291627#colourWayId-206784980
product-207038472,https://www.asos.com/collusion/collusion-unisex-oversized-blazer-co-ord-in-navy/prd/207038472#colourWayId-207038479
product-207653875,https://www.asos.com/asos-design/asos-design-co-ord-hoodie-and-jogger-with-raw-hem-in-grey/grp/207655844#colourWayId-207653876&productId-207653875
product-206727588,https://www.asos.com/asos-design/asos-design-oversized-harrington-jacket-with-cord-collar-in-navy/prd/206727588#colourWayId-206727589
product-206749056,https://www.asos.com/asos-design/asos-design-cord-overshirt-with-poppers-in-blue/prd/206749056#colourWayId-206749070
product-206703047,https://www.asos.com/asos-design/asos-design-boxy-volume-oversized-cord-check-shirt-with-chest-embroidery-in-navy/prd/206703047#colourWayId-206703048
product-206669246,https://www.asos.com/asos-design/asos-design-smart-co-ord-in-navy-rib/grp/207651187#colourWayId-206669247&productId-206669246
product-207291887,https://www.asos.com/asos-design/asos-design-co-ord-wide-leg-jogger-and-half-zip-in-brown/grp/207652837#colourWayId-207291890&productId-207291887
product-206168668,https://www.asos.com/asos-design/asos-design-smart-cargo-co-ord-in-khaki/grp/206910832#colourWayId-206168680&productId-206168668
product-206332698,https://www.asos.com/asos-design/asos-design-cropped-slim-smart-co-ord-in-black/grp/207395084#colourWayId-206332699&productId-206332698
product-206542850,https://www.asos.com/topman/topman-washed-oversized-sweatshirt-in-black/prd/206542850#colourWayId-206542851
product-206569267,https://www.asos.com/sixth-june/sixth-june-multi-pocket-cargo-pant-co-ord-in-black/prd/206569267#colourWayId-206569268
product-206740224,https://www.asos.com/south-beach/south-beach-linen-beach-trouser-co-ord-in-black/prd/206740224#colourWayId-206740225
product-206989278,https://www.asos.com/topman/topman-oversized-co-ord-with-double-piping-detail-in-sporty-green/grp/207437273#colourWayId-206989279&productId-206989278
product-207004414,https://www.asos.com/liquor-n-poker/liquor-n-poker-allover-motif-hoodie-co-ord-in-berry-mix/prd/207004414#colourWayId-207004416
product-207052657,https://www.asos.com/asos-design/asos-design-knitted-t-shirt-and-cardigan-co-ord-in-navy/grp/207291880#colourWayId-207052660&productId-207052657
product-207356251,https://www.asos.com/hollister/hollister-baggy-straight-leg-motif-jogger-co-ord-in-charcoal/prd/207356251#colourWayId-207356264
product-203272484,https://www.asos.com/collusion/collusion-unisex-sweatshirt-with-logo-print-in-black/prd/203272484#colourWayId-203272486
product-206168596,https://www.asos.com/asos-design/asos-design-smart-co-ord-in-mustard/grp/207394890#colourWayId-206168606&productId-206168596
product-206325720,https://www.asos.com/asos-design/asos-design-stripe-t-shirt-and-short-lounge-set-in-blue-and-ecru/prd/206325720#colourWayId-206325721
product-206458370,https://www.asos.com/asos-design/asos-design-smart-co-ord-slim-fit-in-white/grp/207395081#colourWayId-206458371&productId-206458370
product-206746887,https://www.asos.com/reclaimed-vintage/reclaimed-vintage-unisex-check-cord-co-ord/grp/207557853#colourWayId-206746888&productId-206746887
product-206757855,https://www.asos.com/asos-design/asos-design-knitted-relaxed-boxy-fit-cardigan-and-t-shirt-co-ord-with-argyle-pattern-in-blue/grp/207291876#colourWayId-206757863&productId-206757855
product-206812550,https://www.asos.com/asos-design/asos-design-knitted-cardigan-and-t-shirt-co-ord-in-stone/grp/207291884#colourWayId-206812552&productId-206812550
product-206831349,https://www.asos.com/collusion/collusion-co-ordinates-print-hoodie-in-blue/prd/206831349#colourWayId-206831350
product-206991395,https://www.asos.com/new-look/new-look-jersey-co-ord-in-navy/grp/207562160#colourWayId-206991406&productId-206991395
product-207053340,https://www.asos.com/reclaimed-vintage/reclaimed-vintage-unisex-western-denim-co-ord-in-clean-indigo/grp/207432660#colourWayId-207053341&productId-207053340
product-207165261,https://www.asos.com/weekday/weekday-co-ord-boxy-sweatshirt-with-stitch-detail-and-relaxed-joggers-in-black-acid-wash/grp/207522844#colourWayId-207165262&productId-207165261
product-207165270,https://www.asos.com/weekday/weekday-co-ord-boxy-sweatshirt-with-stitch-detail-and-relaxed-joggers-in-black-acid-wash/grp/207522844#colourWayId-207165276&productId-207165270
product-207394890,https://www.asos.com/asos-design/asos-design-smart-co-ord-in-mustard/grp/207394890
product-207253863,https://www.asos.com/prohibited/prohibited-tonal-script-logo-hoodie-co-ord-in-black/grp/207737610#colourWayId-207253903&productId-207253863
product-207068610,https://www.asos.com/reclaimed-vintage/reclaimed-vintage-unisex-contrast-co-ord/grp/207794123#colourWayId-207068611&productId-207068610
product-207020973,https://www.asos.com/new-era/new-era-flag-joggers-in-black/prd/207020973#colourWayId-207020981
product-206727199,https://www.asos.com/collusion/collusion-unisex-tailored-hoodie-in-olive-co-ord/prd/206727199#colourWayId-206727200
product-206769575,https://www.asos.com/collusion/collusion-unisex-co-ord-balloon-trousers-in-brown-pinstripe-with-print/prd/206769575#colourWayId-206769595
product-207356262,https://www.asos.com/hollister/hollister-baggy-straight-leg-motif-jogger-co-ord-in-navy/prd/207356262#colourWayId-207356280
product-206669285,https://www.asos.com/asos-design/asos-design-smart-co-ord-in-navy-rib/grp/207651187#colourWayId-206669286&productId-206669285
product-207327651,https://www.asos.com/abercrombie-fitch/abercrombie-fitch-timeless-logo-half-zip-sweatshirt-in-black-co-ord/prd/207327651#colourWayId-207327679
product-206437170,https://www.asos.com/only-sons/only-sons-plisse-co-ord-in-black/grp/207132623#colourWayId-206437190&productId-206437170
product-206542736,https://www.asos.com/asos-design/asos-design-check-shirt-and-shorts-loungewear-set-in-beige/prd/206542736#colourWayId-206542737
product-206623604,https://www.asos.com/asos-design/capsule-collection-ocean-cavern/grp/207172423#colourWayId-206623605&productId-206623604
product-206623644,https://www.asos.com/asos-design/capsule-collection-ocean-cavern/grp/207172423#colourWayId-206623645&productId-206623644
product-206669367,https://www.asos.com/asos-design/asos-design-smart-co-ord-in-brown-rib/grp/207622857#colourWayId-206669368&productId-206669367
product-206784972,https://www.asos.com/asos-design/asos-design-knitted-t-shirt-and-button-through-cardigan-co-ord-in-khaki/grp/207291627#colourWayId-206784980&productId-206784972
product-206822322,https://www.asos.com/armani-exchange/armani-exchange-co-ord-jersey-shorts-with-all-over-logo-print-in-white/prd/206822322#colourWayId-206822339
product-206959159,https://www.asos.com/reclaimed-vintage/reclaimed-vintage-unisex-western-denim-co-ord-in-clean-indigo/grp/207432660#colourWayId-206959160&productId-206959159
product-206991339,https://www.asos.com/new-look/new-look-pique-polo-shirt-short-set-in-black/grp/207249181#colourWayId-206991348&productId-206991339
product-207004376,https://www.asos.com/liquor-n-poker/liquor-n-poker-allover-motif-straight-leg-jogger-co-ord-in-berry-mix/prd/207004376#colourWayId-207004385
product-207041611,https://www.asos.com/asos-design/asos-design-boxy-extreme-oversized-co-ord-t-shirt-with-fixed-hem-in-grey/prd/207041611#colourWayId-207041617
product-207052720,https://www.asos.com/asos-design/asos-design-knitted-t-shirt-and-cardigan-co-ord-in-navy/grp/207291880#colourWayId-207052721&productId-207052720
product-207291880,https://www.asos.com/asos-design/asos-design-knitted-t-shirt-and-cardigan-co-ord-in-navy/grp/207291880
product-207622857,https://www.asos.com/asos-design/asos-design-smart-co-ord-in-brown-rib/grp/207622857#colourWayId-206669179
product-207649320,https://www.asos.com/asos-design/asos-design-hoodie-and-jogger-co-ord/grp/207655847#colourWayId-207649321&productId-207649320
product-206968344,https://www.asos.com/asos-design/asos-design-loungewear-brushed-rib-set-with-boxy-t-shirt-and-short-in-dark-brown/prd/206968344#colourWayId-206968345
product-207331096,https://www.asos.com/new-look/new-look-jogger-co-ord-in-black/grp/207486785#colourWayId-207331097&productId-207331096
product-207331298,https://www.asos.com/new-look/new-look-washed-hoodie-co-ord-in-black/grp/207486803#colourWayId-207331300&productId-207331298
product-207038430,https://www.asos.com/collusion/collusion-unisex-suit-trouser-co-ord-in-navy/prd/207038430#colourWayId-207038433
product-207091656,https://www.asos.com/asos-design/asos-design-co-ord-super-baggy-jean-in-raw-denim/prd/207091656#colourWayId-207091658
product-206998461,https://www.asos.com/asos-design/asos-design-oversized-balloon-cord-trouser-in-charcoal-with-side-pockets/prd/206998461#colourWayId-206998506
product-206239310,https://www.asos.com/brave-soul/brave-soul-co-ord-shacket-in-dark-navy/prd/206239310#colourWayId-206239319
product-206693755,https://www.asos.com/asos-design/asos-design-smart-co-ord-straight-leg-trouser-in-black-with-elasticated-waist/prd/206693755#colourWayId-206693756
product-207259452,https://www.asos.com/hollister/hollister-boxy-track-zip-through-top-co-ord-in-black/prd/207259452#colourWayId-207259460
product-206569204,https://www.asos.com/sixth-june/sixth-june-printed-motif-co-ord-set-in-grey/grp/207684552#colourWayId-206569205&productId-206569204
product-206569288,https://www.asos.com/sixth-june/sixth-june-printed-motif-straight-leg-jogger-co-ord-in-beige/prd/206569288#colourWayId-206569289
product-207444147,https://www.asos.com/asos-design/asos-design-co-ord-relaxed-knitted-in-black/grp/207563068#colourWayId-207444148&productId-207444147
product-205494866,https://www.asos.com/asos-design/asos-design-smart-co-ord-balloon-lace-up-trouser-in-black/prd/205494866#colourWayId-205494872
product-206099170,https://www.asos.com/sixth-june/sixth-june-co-ord-oversized-textured-set-in-white/grp/207386797#colourWayId-206099174&productId-206099170
product-206168580,https://www.asos.com/asos-design/asos-design-smart-co-ord-slim-trucker-jacket-with-cargo-pockets-in-black/prd/206168580#colourWayId-206168583
product-206192548,https://www.asos.com/asos-design/asos-design-boxy-pinstripe-smart-co-ord-in-brown/grp/207310997#colourWayId-206192550&productId-206192548
product-206192561,https://www.asos.com/asos-design/asos-design-boxy-smart-co-ord-in-green/grp/207325844#colourWayId-206192563&productId-206192561
product-206192562,https://www.asos.com/asos-design/asos-design-boxy-smart-co-ord-in-green/grp/207325844#colourWayId-206192565&productId-206192562
product-206197922,https://www.asos.com/topman/topman-lounge-straight-leg-waffle-jogger-in-charcoal-and-plain-white-lounge-t-shirt-multipack/prd/206197922#colourWayId-206197923
product-206266293,https://www.asos.com/asos-design/asos-design-smart-co-ord-collar-in-light-khaki/grp/207395079#colourWayId-206266294&productId-206266293
product-206287739,https://www.asos.com/new-look/new-look-co-ord-textured-short-set-in-light-blue/grp/207374059#colourWayId-206287740&productId-206287739
product-206304084,https://www.asos.com/south-beach/south-beach-waffle-towelling-beach-short-co-ord-in-tan/prd/206304084#colourWayId-206304085
product-206370068,https://www.asos.com/asos-design/asos-design-vest-and-short-crochet-lounge-set-in-black/prd/206370068#colourWayId-206370069
product-206416113,https://www.asos.com/reclaimed-vintage/reclaimed-vintage-unisex-waffle-black-co-ord/grp/207421641#colourWayId-206416114&productId-206416113
product-206445952,https://www.asos.com/asos-design/asos-design-cord-overshirt-in-ecru/prd/206445952#colourWayId-206445953
product-206521917,https://www.asos.com/asos-design/asos-design-seersucker-lounge-pant-in-beige/prd/206521917#colourWayId-206521928
product-206669178,https://www.asos.com/asos-design/asos-design-smart-co-ord-in-brown-rib/grp/207622857#colourWayId-206669179&productId-206669178
product-206693553,https://www.asos.com/asos-design/asos-design-smart-co-ord-in-blue/grp/207395933#colourWayId-206693564&productId-206693553
product-206782880,https://www.asos.com/asos-design/asos-design-faux-leather-harrington-jacket-with-cord-collar-in-black/prd/206782880#colourWayId-206782881
product-206816148,https://www.asos.com/reclaimed-vintage/reclaimed-vintage-unisex-oversized-checked-suit/grp/207637950#colourWayId-206816149&productId-206816148
product-206857484,https://www.asos.com/polo-ralph-lauren/polo-ralph-lauren-icon-logo-lined-cord-coach-jacket-in-olive-green/prd/206857484#colourWayId-206857507
product-206872885,https://www.asos.com/asos-design/asos-design-pull-on-trouser-in-purple-cord-with-stripe-detail/prd/206872885#colourWayId-206872904
product-206971175,https://www.asos.com/reclaimed-vintage/reclaimed-vintage-unisex-check-print-co-ord/grp/207609513#colourWayId-206971176&productId-206971175
product-206988266,https://www.asos.com/weekday/weekday-ant-co-ord-structured-zip-through-track-jacket-and-track-joggers-in-navy/grp/207333867#colourWayId-206988272&productId-206988266
product-207010845,https://www.asos.com/lacoste/lacoste-cord-trousers-in-khaki-green/prd/207010845#colourWayId-207010846
product-207274994,https://www.asos.com/reclaimed-vintage/reclaimed-vintage-unisex-check-print-co-ord/grp/207609513#colourWayId-207274995&productId-207274994
product-207351075,https://www.asos.com/asos-design/asos-design-longer-length-jort-in-dark-wash-blue/prd/207351075#colourWayId-207351076
product-207325844,https://www.asos.com/asos-design/asos-design-boxy-smart-co-ord-in-green/grp/207325844
product-207609513,https://www.asos.com/reclaimed-vintage/reclaimed-vintage-unisex-check-print-co-ord/grp/207609513
product-206747782,https://www.asos.com/asos-design/asos-design-cord-overshirt-with-poppers-in-green/prd/206747782#colourWayId-206747783
product-207622689,https://www.asos.com/reclaimed-vintage/reclaimed-vintage-unisex-heavyweight-boxy-co-ord-in-washed-black/grp/207728543#colourWayId-207622712&productId-207622689
product-207246884,https://www.asos.com/karl-kani/karl-kani-co-ord-signature-essential-zip-up-hoodie-in-ash-grey/prd/207246884#colourWayId-207246885
product-207597099,https://www.asos.com/asos-design/minsk/grp/207800984#colourWayId-207597105&productId-207597099
product-206760357,https://www.asos.com/asos-design/asos-design-oversized-harrington-jacket-with-cord-collar-in-brown/prd/206760357#colourWayId-206760359
product-206769480,https://www.asos.com/collusion/collusion-unisex-co-ord-oversized-shirt-in-brown-pinstripe/prd/206769480#colourWayId-206769529
product-206693588,https://www.asos.com/asos-design/asos-design-smart-co-ord-in-navy/grp/207679959#colourWayId-206693597&productId-206693588
product-206693769,https://www.asos.com/asos-design/asos-design-smart-co-ord-in-navy/grp/207679959#colourWayId-206693770&productId-206693769
product-206693530,https://www.asos.com/asos-design/asos-design-smart-co-ord-harrington-in-black/grp/207679962#colourWayId-206693537&productId-206693530
product-207058883,https://www.asos.com/reclaimed-vintage/reclaimed-vintage-unisex-co-ord-with-contrast-stitch-in-stone/grp/207678447#colourWayId-207058892&productId-207058883
product-206804166,https://www.asos.com/asos-design/asos-design-knitted-t-shirt-and-cardigan-co-ord-in-khaki/grp/207291882#colourWayId-206804169&productId-206804166
product-207140239,https://www.asos.com/labelrail/labelrail-x-olibrom-straight-leg-joggers-in-orange-and-green-constrast-stripe-co-ord/prd/207140239#colourWayId-207140244
product-206816387,https://www.asos.com/reclaimed-vintage/reclaimed-vintage-co-ord-in-grey/grp/207655843#colourWayId-206816388&productId-206816387
product-204401834,https://www.asos.com/only-sons/only-sons-co-ord-ribbed-jersey-short-in-beige/prd/204401834#colourWayId-204401893
product-205463179,https://www.asos.com/asos-design/asos-design-linen-stripe-smart-co-ord/grp/207190258#colourWayId-205463187&productId-205463179
product-206099222,https://www.asos.com/sixth-june/sixth-june-co-ord-oversized-textured-set-in-white/grp/207386797#colourWayId-206099234&productId-206099222
product-206124419,https://www.asos.com/levis/levis-xx-authentic-cord-pleated-chino-jacket-co-ord/grp/207346305#colourWayId-206124420&productId-206124419
product-206168643,https://www.asos.com/asos-design/asos-design-slim-smart-co-ord-in-navy-with-white-side-stripe/grp/207311059#colourWayId-206168651&productId-206168643
product-206170401,https://www.asos.com/topman/topman-oversized-sweatshirt-and-straight-leg-jogger-set-in-frost-grey-marl/prd/206170401#colourWayId-206170402
product-206192494,https://www.asos.com/asos-design/asos-design-textured-smart-co-ord-in-stone/grp/207400291#colourWayId-206192497&productId-206192494
product-206192672,https://www.asos.com/asos-design/asos-design-textured-smart-co-ord-in-stone/grp/207400291#colourWayId-206192674&productId-206192672
product-206195115,https://www.asos.com/only-sons/only-sons-relaxed-fit-textured-co-ord-in-beige/grp/207021235#colourWayId-206195175&productId-206195115
product-206197952,https://www.asos.com/topman/topman-lounge-waffle-short-in-charcoal-and-plain-white-lounge-t-shirt-multipack/prd/206197952#colourWayId-206197953
product-206198011,https://www.asos.com/topman/topman-lounge-straight-leg-waffle-jogger-in-light-grey-and-plain-white-lounge-t-shirt-multipack/prd/206198011#colourWayId-206198013
product-206266307,https://www.asos.com/asos-design/asos-design-smart-co-ord-collar-in-light-khaki/grp/207395079#colourWayId-206266308&productId-206266307
product-206385611,https://www.asos.com/topman/topman-co-ord-wide-leg-plisse-trousers-in-stone/prd/206385611#colourWayId-206385613
product-206416116,https://www.asos.com/reclaimed-vintage/reclaimed-vintage-unisex-waffle-co-ord-in-charcoal/grp/207464214#colourWayId-206416117&productId-206416116
product-206417114,https://www.asos.com/asos-design/asos-design-bomber-smart-co-ord-jacket-black/prd/206417114#colourWayId-206417115
product-206423411,https://www.asos.com/carhartt-wip/carhartt-wip-co-ord-walter-double-pocket-denim-overshirt-in-ecru/prd/206423411#colourWayId-206423426
product-206458377,https://www.asos.com/asos-design/asos-design-smart-co-ord-slim-fit-in-white/grp/207395081#colourWayId-206458378&productId-206458377
product-206584581,https://www.asos.com/only-sons/only-sons-waffle-texture-co-ord-in-chocolate-brown/grp/207408983#colourWayId-206584614&productId-206584581
product-206669322,https://www.asos.com/asos-design/asos-design-smart-co-ord-in-black-rib/grp/207622858#colourWayId-206669323&productId-206669322
product-206693679,https://www.asos.com/asos-design/asos-design-smart-co-ord-in-cream/grp/207557857#colourWayId-206693682&productId-206693679
product-206693681,https://www.asos.com/asos-design/asos-design-smart-co-ord-in-blue/grp/207395933#colourWayId-206693710&productId-206693681
product-206693748,https://www.asos.com/asos-design/asos-design-smart-co-ord-track-in-black-satin/grp/207346740#colourWayId-206693749&productId-206693748
product-206712177,https://www.asos.com/river-island/river-island-cargo-shorts-and-t-shirt-co-ord-in-grey/grp/207062741#colourWayId-206712178&productId-206712177
product-206740232,https://www.asos.com/south-beach/south-beach-tonal-seersucker-stripe-beach-co-ord-in-black/grp/207432876#colourWayId-206740233&productId-206740232
product-206746896,https://www.asos.com/reclaimed-vintage/reclaimed-vintage-unisex-check-cord-co-ord/grp/207557853#colourWayId-206746897&productId-206746896
product-206785004,https://www.asos.com/asos-design/asos-design-knitted-t-shirt-and-cardigan-co-ord-in-brown/grp/207291623#colourWayId-206785012&productId-206785004
product-206989325,https://www.asos.com/topman/topman-co-ord-oversized-fit-tracksuit-with-double-piping-detail-in-black/grp/207621048#colourWayId-206989326&productId-206989325
product-206991501,https://www.asos.com/new-look/new-look-pique-polo-shirt-short-set-in-black/grp/207249181#colourWayId-206991503&productId-206991501
product-207017160,https://www.asos.com/fred-perry/fred-perry-co-ord-taped-track-jacket-in-green-with-contrast-trim/prd/207017160#colourWayId-207017163
product-207065843,https://www.asos.com/boss-bodywear/boss-bodywear-co-ord-waffle-t-shirt-in-black/prd/207065843#colourWayId-207065850
product-207097104,https://www.asos.com/the-couture-club/the-couture-club-co-ord-washed-essentials-joggers-in-brown/prd/207097104#colourWayId-207097113
product-207120059,https://www.asos.com/heathe/heathe-unisex-eko-flared-trousers-co-ord-in-all-over-print/prd/207120059#colourWayId-207120060
product-207127636,https://www.asos.com/alma-de-ace/alma-de-ace-co-ord-joggers-with-contrast-piping-in-navy/prd/207127636#colourWayId-207127637
product-207400291,https://www.asos.com/asos-design/asos-design-textured-smart-co-ord-in-stone/grp/207400291#colourWayId-206192497
product-207408983,https://www.asos.com/only-sons/only-sons-waffle-texture-co-ord-in-chocolate-brown/grp/207408983#colourWayId-206584592
product-207421637,https://www.asos.com/reclaimed-vintage/reclaimed-vintage-unisex-waffle-charcoal-co-ord/grp/207421637
product-207557853,https://www.asos.com/reclaimed-vintage/reclaimed-vintage-unisex-check-cord-co-ord/grp/207557853#colourWayId-206746888
product-207557857,https://www.asos.com/asos-design/asos-design-smart-co-ord-in-cream/grp/207557857
product-207621048,https://www.asos.com/topman/topman-co-ord-oversized-fit-tracksuit-with-double-piping-detail-in-black/grp/207621048#colourWayId-206989216
product-207622858,https://www.asos.com/asos-design/asos-design-smart-co-ord-in-black-rib/grp/207622858
product-207250103,https://www.asos.com/new-look/new-look-washed-hoodie-co-ord-in-black/grp/207486803#colourWayId-207250111&productId-207250103
product-207469280,https://www.asos.com/new-look/new-look-loungewear-waffle-co-ord-in-navy/grp/207821657#colourWayId-207469281&productId-207469280
product-206332680,https://www.asos.com/asos-design/asos-design-cropped-slim-smart-co-ord-in-charcoal/grp/207779492#colourWayId-206332692&productId-206332680
product-206332725,https://www.asos.com/asos-design/asos-design-cropped-slim-smart-co-ord-in-charcoal/grp/207779492#colourWayId-206332726&productId-206332725
product-207469324,https://www.asos.com/new-look/new-look-long-sleeve-t-shirt-jogger-loungwear-set-in-black/prd/207469324#colourWayId-207469329
product-207599220,https://www.asos.com/reclaimed-vintage/reclaimed-vintage-unisex-heavyweight-co-ord-in-navy/grp/207728368#colourWayId-207599221&productId-207599220
product-206825166,https://www.asos.com/jack-jones/jack-jones-slim-cord-trouser-in-black/prd/206825166#colourWayId-206825249
product-206978553,https://www.asos.com/collusion/collusion-wide-leg-tailored-jogger-co-ord-in-hounstooth/prd/206978553#colourWayId-206978555
product-206898335,https://www.asos.com/asos-design/asos-design-boxy-cord-overshirt-in-blue-with-badge-detail/prd/206898335#colourWayId-206898337
product-207020749,https://www.asos.com/new-era/new-era-graphic-back-flag-hoodie-in-black/prd/207020749#colourWayId-207020752
product-206827848,https://www.asos.com/asos-design/asos-design-boxy-oversized-cord-shirt-with-chest-embroidery-in-stone/prd/206827848#colourWayId-206827849
product-207214383,https://www.asos.com/nicce/nicce-co-ord-logo-zip-up-jacket-in-black/prd/207214383#colourWayId-207214386
product-207140174,https://www.asos.com/labelrail/labelrail-x-olibrom-faux-leather-crop-jacket-with-contrast-dramatic-pockets-in-tobacco-co-ord/prd/207140174#colourWayId-207140175
product-207444165,https://www.asos.com/asos-design/asos-design-co-ord-relaxed-knitted-in-black/grp/207563068#colourWayId-207444166&productId-207444165
product-206804167,https://www.asos.com/asos-design/asos-design-knitted-t-shirt-and-cardigan-co-ord-in-khaki/grp/207291882#colourWayId-206804170&productId-206804167
product-207140146,https://www.asos.com/labelrail/labelrail-x-olibrom-sailor-collar-crop-jacket-in-navy-co-ord/prd/207140146#colourWayId-207140149
product-207140216,https://www.asos.com/labelrail/labelrail-x-olibrom-seam-detail-raw-edge-denim-jacket-in-washed-black-co-ord/prd/207140216#colourWayId-207140218
product-207140278,https://www.asos.com/labelrail/labelrail-x-olibrom-fluffy-zip-up-hoodie-in-yellow-and-green-stripe-co-ord/prd/207140278#colourWayId-207140280
product-206569330,https://www.asos.com/sixth-june/sixth-june-printed-motif-co-ord-set-in-grey/grp/207684552#colourWayId-206569331&productId-206569330
product-207140201,https://www.asos.com/labelrail/labelrail-x-olibrom-oversized-rugby-polo-shirt-in-orange-and-green-constrast-stripe-co-ord/prd/207140201#colourWayId-207140203
product-207140229,https://www.asos.com/labelrail/labelrail-x-olibrom-fluffy-longline-shorts-in-yellow-and-green-stripe-co-ord/prd/207140229#colourWayId-207140231
product-207684552,https://www.asos.com/sixth-june/sixth-june-printed-motif-co-ord-set-in-grey/grp/207684552#colourWayId-206569205
product-206849369,https://www.asos.com/polo-ralph-lauren/polo-ralph-lauren-sports-capsule-logo-hoodie-co-ord-in-grey/prd/206849369#colourWayId-206849374
product-207219197,https://www.asos.com/twisted-tailor/twisted-tailor-ersat-suit-co-ord-in-red-floral/grp/207646259#colourWayId-207219226&productId-207219197
product-204446886,https://www.asos.com/only-sons/only-sons-ribbed-polo-short-co-ord-in-white/grp/205104255#colourWayId-204446898&productId-204446886
product-205689487,https://www.asos.com/asos-design/asos-design-smart-co-ord-in-beige/grp/207190274#colourWayId-205689489&productId-205689487
product-205689502,https://www.asos.com/asos-design/asos-design-smart-co-ord-in-beige/grp/207190274#colourWayId-205689503&productId-205689502
product-205861816,https://www.asos.com/new-look/new-look-co-ord-waffle-set-in-navy/grp/206840221#colourWayId-205861824&productId-205861816
product-205863295,https://www.asos.com/topman/topman-crochet-stripe-co-ord/grp/206738216#colourWayId-205863296&productId-205863295
product-205990800,https://www.asos.com/reclaimed-vintage/reclaimed-vintage-unisex-checked-in-pink-check/grp/207032212#colourWayId-205990802&productId-205990800
product-206093570,https://www.asos.com/jack-jones/jack-jones-co-ord-plisse-short-in-brown/prd/206093570#colourWayId-206093591
product-206098992,https://www.asos.com/sixth-june/sixth-june-co-ord-abstract-print-set-in-multi/grp/207386870#colourWayId-206098994&productId-206098992
product-206099206,https://www.asos.com/sixth-june/sixth-june-linen-set/grp/207651215#colourWayId-206099214&productId-206099206
product-206112911,https://www.asos.com/asos-design/asos-design-smart-co-ord-slim-fit-in-black/grp/207311058#colourWayId-206112912&productId-206112911
product-206168621,https://www.asos.com/asos-design/asos-design-harrington-smart-co-ord-in-brown/grp/207311061#colourWayId-206168631&productId-206168621
product-206168706,https://www.asos.com/asos-design/asos-design-oversized-bomber-smart-co-ord-in-black/grp/207310998#colourWayId-206168707&productId-206168706
product-206168769,https://www.asos.com/asos-design/asos-design-smart-co-ord-in-mustard/grp/207394890#colourWayId-206168770&productId-206168769
product-206168793,https://www.asos.com/asos-design/asos-design-slim-smart-co-ord-in-navy-with-white-side-stripe/grp/207311059#colourWayId-206168794&productId-206168793
product-206192598,https://www.asos.com/asos-design/asos-design-boxy-pinstripe-smart-co-ord-in-brown/grp/207310997#colourWayId-206192606&productId-206192598
product-206197928,https://www.asos.com/topman/topman-lounge-waffle-short-and-waffle-t-shirt-multipack-in-light-grey/prd/206197928#colourWayId-206197929
product-206197934,https://www.asos.com/topman/topman-lounge-waffle-short-in-charcoal/prd/206197934#colourWayId-206197935
product-206271021,https://www.asos.com/topman/topman-lounge-waffle-t-shirt-in-light-grey/prd/206271021#colourWayId-206271022
product-206290473,https://www.asos.com/armani-exchange/armani-exchange-linear-logo-sweatshirt-in-beige-co-ord/prd/206290473#colourWayId-206290475
product-206304182,https://www.asos.com/south-beach/south-beach-beach-co-ord-in-knit-brown-and-white-stripe/grp/207356980#colourWayId-206304183&productId-206304182
product-206360093,https://www.asos.com/asos-design/asos-design-slim-trucker-smart-co-ord-in-grey-twill/grp/207520213#colourWayId-206360094&productId-206360093
product-206360100,https://www.asos.com/asos-design/asos-design-slim-trucker-smart-co-ord-in-grey-twill/grp/207520213#colourWayId-206360102&productId-206360100
product-206416119,https://www.asos.com/reclaimed-vintage/reclaimed-vintage-unisex-waffle-co-ord-in-charcoal/grp/207464214#colourWayId-206416120&productId-206416119
product-206468897,https://www.asos.com/asos-design/asos-design-bomber-smart-co-ord-with-pocket-detailing-in-light-grey/grp/207311060#colourWayId-206468898&productId-206468897
product-206468904,https://www.asos.com/asos-design/asos-design-bomber-smart-co-ord-with-pocket-detailing-in-light-grey/grp/207311060#colourWayId-206468905&productId-206468904
product-206584591,https://www.asos.com/only-sons/only-sons-waffle-texture-co-ord-in-chocolate-brown/grp/207408983#colourWayId-206584592&productId-206584591
product-206623700,https://www.asos.com/asos-design/capsule-collection-volcanic-glass/grp/207172422#colourWayId-206623701&productId-206623700
product-206623772,https://www.asos.com/asos-design/capsule-collection-volcanic-glass/grp/207172422#colourWayId-206623773&productId-206623772
product-206693762,https://www.asos.com/asos-design/asos-design-smart-co-ord-in-cream/grp/207557857#colourWayId-206693763&productId-206693762
product-206693776,https://www.asos.com/asos-design/asos-design-smart-co-ord-track-in-black-satin/grp/207346740#colourWayId-206693777&productId-206693776
product-206821984,https://www.asos.com/armani-exchange/armani-exchange-co-ord-jersey-shorts-in-black-with-zip-pocket-detailing/prd/206821984#colourWayId-206822009
product-206890495,https://www.asos.com/boss-bodywear/hugo-bodywear-long-sleeve-loungewear-set-in-green-with-animal-print/prd/206890495#colourWayId-206890497
product-206893056,https://www.asos.com/brave-soul/brave-soul-co-ord-seersucker-lightweight-shacket-in-stone/prd/206893056#colourWayId-206893057
product-206897488,https://www.asos.com/armani-exchange/emporio-armani-bodywear-co-ord-crew-neck-textured-jogger-in-black/prd/206897488#colourWayId-206897492
product-207029003,https://www.asos.com/wrangler/wrangler-novak-acid-wash-denim-chore-jacket/grp/207260949#colourWayId-207029036&productId-207029003
product-207037547,https://www.asos.com/asos-design/asos-design-co-ord-knitted-button-through-polo-in-stone/prd/207037547#colourWayId-207037548
product-207065765,https://www.asos.com/boss-bodywear/boss-bodywear-co-ord-unique-t-shirt-in-black/prd/207065765#colourWayId-207065774
product-207120080,https://www.asos.com/heathe/heathe-unisex-eko-oversized-shirt-co-ord-in-all-over-print/prd/207120080#colourWayId-207120081
product-207120115,https://www.asos.com/heathe/heathe-unisex-odara-tailored-trouser-co-ord-in-teal/prd/207120115#colourWayId-207120116
product-207120122,https://www.asos.com/heathe/heathe-unisex-odara-blazer-co-ord-in-teal/prd/207120122#colourWayId-207120123
product-207127740,https://www.asos.com/alma-de-ace/alma-de-ace-co-ord-zip-up-track-jacket-with-contrast-piping-in-navy/prd/207127740#colourWayId-207127741
product-207138343,https://www.asos.com/asos-design/asos-design-co-ord-baggy-trousers-with-drawstring-waist-in-neutral-stripe/prd/207138343#colourWayId-207138344
product-207161630,https://www.asos.com/arket/arket-cord-chino-trousers-in-black/prd/207161630#colourWayId-207161631
product-207181692,https://www.asos.com/emporio-armani/emporio-armani-bodywear-co-ord-jogger-with-logo-detail-in-navy/prd/207181692#colourWayId-207181693
product-207295778,https://www.asos.com/asos-design/asos-design-relaxed-boxy-t-shirt-and-baggy-trouser-co-ord-in-beige-pinstripe/grp/207357761#colourWayId-207295779&productId-207295778
product-207190274,https://www.asos.com/asos-design/asos-design-smart-co-ord-in-beige/grp/207190274
product-207310997,https://www.asos.com/asos-design/asos-design-boxy-pinstripe-smart-co-ord-in-brown/grp/207310997
product-207311059,https://www.asos.com/asos-design/asos-design-slim-smart-co-ord-in-navy-with-white-side-stripe/grp/207311059#colourWayId-206168651
product-207311060,https://www.asos.com/asos-design/asos-design-bomber-smart-co-ord-with-pocket-detailing-in-light-grey/grp/207311060
product-207311061,https://www.asos.com/asos-design/asos-design-harrington-smart-co-ord-in-brown/grp/207311061
product-207346740,https://www.asos.com/asos-design/asos-design-smart-co-ord-track-in-black-satin/grp/207346740
product-207520213,https://www.asos.com/asos-design/asos-design-slim-trucker-smart-co-ord-in-grey-twill/grp/207520213#colourWayId-206360094
product-207651215,https://www.asos.com/sixth-june/sixth-june-linen-set/grp/207651215#colourWayId-206099068
product-206877463,https://www.asos.com/tommy-hilfiger/tommy-hilfiger-cord-shirt-in-beige/prd/206877463#colourWayId-206877465
product-207219265,https://www.asos.com/twisted-tailor/twisted-tailor-suit-jacket-in-checker-board-print-co-ord/prd/207219265#colourWayId-207219275
product-207297368,https://www.asos.com/allsaints/allsaints-castleford-cord-jacket-in-deep-purple/prd/207297368#colourWayId-207297370
product-207365077,https://www.asos.com/collusion/collusion-grey-marl-boxy-hoodie-with-burgundy-print-co-ord/prd/207365077#colourWayId-207365078
product-207365086,https://www.asos.com/collusion/collusion-relaxed-jogger-with-print-co-ord-in-navy/prd/207365086#colourWayId-207365087
product-207365095,https://www.asos.com/collusion/collusion-boxy-joggers-with-burgundy-print-co-ord-in-grey-marl/prd/207365095#colourWayId-207365096
product-207554584,https://www.asos.com/47-brand/47-brand-ny-yankees-track-jogger-co-ord-in-sand/prd/207554584#colourWayId-207554585
product-207020813,https://www.asos.com/new-era/new-era-mlb-sox-motif-tracksuit-bottom-co-ord-in-green/prd/207020813#colourWayId-207020820
product-207554389,https://www.asos.com/47-brand/47-brand-ny-yankees-track-jacket-co-ord-in-sand/prd/207554389#colourWayId-207554398
product-207554418,https://www.asos.com/47-brand/47-brand-ny-yankees-mini-logo-hoodie-co-ord-in-dusty-mauve/prd/207554418#colourWayId-207554433
product-207020765,https://www.asos.com/new-era/new-era-script-logo-motif-hoodie-in-black/prd/207020765#colourWayId-207020772
product-207020952,https://www.asos.com/new-era/new-era-logo-motif-cargo-tracksuit-bottom-in-black/prd/207020952#colourWayId-207020960
product-207097064,https://www.asos.com/the-couture-club/the-couture-club-co-ord-fluffy-knit-emblem-zip-through-hoodie-in-beige/prd/207097064#colourWayId-207097073
product-207413145,https://www.asos.com/mango/mango-regular-fit-suit-co-ord-in-brown/grp/207822290#colourWayId-207413146&productId-207413145
product-207554431,https://www.asos.com/47-brand/47-brand-ny-yankees-track-jogger-co-ord-in-berry/prd/207554431#colourWayId-207554440
product-207510709,https://www.asos.com/pullbear/pullbear-black-label-co-ord-tailored-trouser-in-brown/prd/207510709#colourWayId-207510710
product-207510722,https://www.asos.com/pullbear/pullbear-black-label-co-ord-shirt-in-brown/prd/207510722#colourWayId-207510723
product-207253563,https://www.asos.com/prohibited/prohibited-logo-sweat-set-co-ord-in-brown/grp/207737607#colourWayId-207253577&productId-207253563
product-207253699,https://www.asos.com/prohibited/prohibited-tonal-script-logo-hoodie-co-ord-in-black/grp/207737610#colourWayId-207253707&productId-207253699
product-206702552,https://www.asos.com/asos-design/asos-design-co-ord-boxy-fit-coach-jacket-in-mid-wash-blue/prd/206702552#colourWayId-206702553
product-207246950,https://www.asos.com/karl-kani/karl-kani-co-ord-oversized-shirt-in-light-beige/prd/207246950#colourWayId-207246951
product-206968329,https://www.asos.com/asos-design/asos-design-loungewear-brushed-rib-set-with-boxy-t-shirt-and-shorts-in-grey/prd/206968329#colourWayId-206968330
product-207025116,https://www.asos.com/asos-design/asos-design-super-baggy-cord-trousers-teal/prd/207025116#colourWayId-207025118
product-207214398,https://www.asos.com/nicce/nicce-co-ord-logo-washed-crew-neck-sweat-in-khaki/prd/207214398#colourWayId-207214399
product-207330894,https://www.asos.com/new-look/new-look-jogger-co-ord-in-black/grp/207486785#colourWayId-207330895&productId-207330894
product-207331281,https://www.asos.com/new-look/new-look-washed-hoodie-co-ord-in-black/grp/207486803#colourWayId-207331283&productId-207331281
product-207097143,https://www.asos.com/the-couture-club/the-couture-club-co-ord-fluffy-knit-emblem-joggers-in-grey-marl/prd/207097143#colourWayId-207097151
product-207247015,https://www.asos.com/karl-kani/karl-kani-co-ord-autograph-joggers-in-black/prd/207247015#colourWayId-207247017
product-207599213,https://www.asos.com/reclaimed-vintage/reclaimed-vintage-unisex-heavyweight-co-ord-in-navy/grp/207728368#colourWayId-207599215&productId-207599213
product-206978533,https://www.asos.com/collusion/collusion-oversized-blazer-co-ord-in-houndstooth/prd/206978533#colourWayId-206978534
product-207020966,https://www.asos.com/new-era/new-era-flag-jogger-co-ord-in-cream/prd/207020966#colourWayId-207020974
product-207380577,https://www.asos.com/mango/mango-soft-touch-zip-down-sweatshirt-co-ord-in-beige/prd/207380577#colourWayId-207380579
product-207597402,https://www.asos.com/asos-design/minsk/grp/207800984#colourWayId-207597403&productId-207597402
product-206955912,https://www.asos.com/jack-jones/jack-jones-tech-co-ord-in-black/grp/207796697#colourWayId-206955927&productId-206955912
product-206958671,https://www.asos.com/jack-jones/jack-jones-tech-co-ord-in-black/grp/207796697#colourWayId-206958685&productId-206958671
product-207216628,https://www.asos.com/viggo/viggo-relaxed-shirt-in-dark-brown-abstract-print-co-ord/prd/207216628#colourWayId-207216629
product-207246957,https://www.asos.com/karl-kani/karl-kani-co-ord-cargo-trousers-in-light-beige/prd/207246957#colourWayId-207246958
product-207214426,https://www.asos.com/nicce/nicce-co-ord-logo-washed-crew-neck-sweat-in-beige/prd/207214426#colourWayId-207214427
product-207214460,https://www.asos.com/nicce/nicce-co-ord-washed-jogger-in-beige/prd/207214460#colourWayId-207214461
product-207572191,https://www.asos.com/reclaimed-vintage/reclaimed-vintage-heavyweight-boxy-co-ord-in-charcoal/grp/207723605#colourWayId-207572193&productId-207572191
product-207505950,https://www.asos.com/asos-design/arachnid/grp/207801399#colourWayId-207505951&productId-207505950
product-206350999,https://www.asos.com/topman/topman-slim-cord-suit-in-stone/grp/207629622#colourWayId-206351000&productId-206350999
product-207017284,https://www.asos.com/fred-perry/fred-perry-co-ord-taped-track-joggers-in-green-with-contrast-trim/prd/207017284#colourWayId-207017299
product-207140134,https://www.asos.com/labelrail/labelrail-x-olibrom-straight-leg-baggy-trousers-with-contrast-pockets-in-tobacco-co-ord/prd/207140134#colourWayId-207140136
product-207140173,https://www.asos.com/labelrail/labelrail-x-olibrom-dramatic-collar-quarter-zip-sweatshirt-in-blue-and-red-co-ord/prd/207140173#colourWayId-207140176
product-207140230,https://www.asos.com/labelrail/labelrail-x-olibrom-kickflare-trousers-in-navy-co-ord/prd/207140230#colourWayId-207140234
product-205759521,https://www.asos.com/collusion/collusion-unisex-co-ord-ultimate-suit-jacket-and-trouser-in-stone/grp/206630259#colourWayId-205759524&productId-205759521
product-206099065,https://www.asos.com/sixth-june/sixth-june-linen-set/grp/207651215#colourWayId-206099068&productId-206099065
product-206478774,https://www.asos.com/the-couture-club/the-couture-club-co-ord-stripe-trim-knitted-set-in-white/grp/206910433#colourWayId-206478776&productId-206478774
product-207120066,https://www.asos.com/heathe/heathe-unisex-tailored-trouser-co-ord-in-grey/prd/207120066#colourWayId-207120067
product-207120073,https://www.asos.com/heathe/heathe-unisex-alto-tailored-trouser-co-ord-in-black/prd/207120073#colourWayId-207120074
product-206726896,https://www.asos.com/collusion/collusion-unisex-trousers-in-pinstripe-co-ord/prd/206726896#colourWayId-206726959
product-206489778,https://www.asos.com/topman/topman-slim-tux-suit-in-black/grp/207652917#colourWayId-206489779&productId-206489778
product-207652917,https://www.asos.com/topman/topman-slim-tux-suit-in-black/grp/207652917
product-207004322,https://www.asos.com/liquor-n-poker/liquor-n-poker-textured-stacked-jean-co-ord-in-stone-wash/prd/207004322#colourWayId-207004331
product-207204742,https://www.asos.com/shelby-sons/shelby-and-sons-tailored-slim-trouser-in-mid-brown-co-ord/prd/207204742#colourWayId-207204764
product-207204791,https://www.asos.com/shelby-sons/shelby-and-sons-slim-tailored-trouser-in-light-grey-co-ord/prd/207204791#colourWayId-207204824
product-206744642,https://www.asos.com/twisted-tailor/twisted-tailor-ellroy-suit-jacket-in-navy-co-ord/prd/206744642#colourWayId-206744643
product-206745023,https://www.asos.com/twisted-tailor/twisted-tailor-barlow-suit-jacket-in-navy-co-ord/prd/206745023#colourWayId-206745024
product-207653839,https://www.asos.com/asos-design/asos-design-co-ord-hoodie-and-jogger-with-raw-hem-in-grey/grp/207655844#colourWayId-207653840&productId-207653839
product-206916382,https://www.asos.com/the-couture-club/the-couture-club-co-ord-washed-essentials-joggers-in-black/prd/206916382#colourWayId-206916384
product-206228719,https://www.asos.com/viggo/viggo-oversized-suit-trousers-in-burgundy-co-ord/prd/206228719#colourWayId-206228724
product-207380476,https://www.asos.com/mango/mango-regular-fit-suit-co-ord-in-brown/grp/207822290#colourWayId-207380477&productId-207380476
product-206112896,https://www.asos.com/asos-design/asos-design-smart-co-ord-slim-fit-in-black/grp/207311058#colourWayId-206112897&productId-206112896
product-206239334,https://www.asos.com/brave-soul/brave-soul-co-ord-tapered-trousers-in-dark-navy/prd/206239334#colourWayId-206239341
product-206228884,https://www.asos.com/viggo/viggo-casual-oversized-suit-trousers-in-quilted-khaki-co-ord/prd/206228884#colourWayId-206228885
product-206197978,https://www.asos.com/topman/topman-lounge-straight-leg-waffle-jogger-in-charcoal/prd/206197978#colourWayId-206197980
product-207017091,https://www.asos.com/fred-perry/fred-perry-co-ord-taped-track-joggers-in-black-with-contrast-trim/prd/207017091#colourWayId-207017098
product-207487664,https://www.asos.com/asos-design/asos-design-smart-co-ord-collar-shirt-jacket-in-light-grey/grp/207487664
product-206549542,https://www.asos.com/jack-jones/jack-jones-ron-skater-jean-co-ord-in-mid-blue-wash/prd/206549542#colourWayId-206549545
product-206010645,https://www.asos.com/collusion/collusion-co-ord-denim-trucker-jacket-with-rips-in-lightwash/prd/206010645#colourWayId-206010680
product-206192573,https://www.asos.com/asos-design/asos-design-smart-co-ord-collar-shirt-jacket-in-light-grey/grp/207487664#colourWayId-206192577&productId-206192573
product-207261336,https://www.asos.com/asos-design/asos-design-co-ord-straight-leg-jogger-in-grey/prd/207261336#colourWayId-207261337
product-206354629,https://www.asos.com/asos-design/asos-design-smart-cargo-co-ord-in-khaki/grp/206910832#colourWayId-206354632&productId-206354629
product-206988328,https://www.asos.com/weekday/weekday-roman-co-ord-zip-through-hoodie-and-astro-wide-leg-joggers-co-ord-with-exposed-seam-detail-in-washed-blue/grp/207374319#colourWayId-206988335&productId-206988328
product-206910832,https://www.asos.com/asos-design/asos-design-smart-cargo-co-ord-in-khaki/grp/206910832#colourWayId-206168680
product-206769450,https://www.asos.com/collusion/collusion-unisex-co-ord-wide-leg-trousers-in-olive/prd/206769450#colourWayId-206769453
product-207572215,https://www.asos.com/reclaimed-vintage/reclaimed-vintage-heavyweight-boxy-co-ord-in-charcoal/grp/207723605#colourWayId-207572217&productId-207572215
product-207622811,https://www.asos.com/reclaimed-vintage/reclaimed-vintage-unisex-heavyweight-boxy-co-ord-in-washed-black/grp/207728543#colourWayId-207622812&productId-207622811
product-205579240,https://www.asos.com/weekday/weekday-co-ord-relaxed-fit-heavyweight-jersey-hoodie-in-beige-mole/prd/205579240#colourWayId-205579241
product-205607314,https://www.asos.com/asos-design/asos-design-unisex-co-ord-oversized-sweatshirt-with-seam-detail-in-washed-grey/prd/205607314#colourWayId-205607315
product-206971910,https://www.asos.com/hollister/hollister-varsity-tech-logo-loose-set-in-grey-marl-co-ord/grp/207321334#colourWayId-206971945&productId-206971910
product-206999754,https://www.asos.com/asos-design/asos-design-beige-oversized-co-ord/grp/207101741#colourWayId-206999756&productId-206999754
product-206129735,https://www.asos.com/south-beach/south-beach-beach-co-ord-in-seersucker/grp/206129735
product-207101741,https://www.asos.com/asos-design/asos-design-beige-oversized-co-ord/grp/207101741#colourWayId-206999756
product-206928657,https://www.asos.com/asos-design/asos-design-oversized-balloon-pleated-cord-cargo-trouser-in-black/prd/206928657#colourWayId-206928659
product-207204815,https://www.asos.com/shelby-sons/shelby-and-sons-slim-tailored-cord-trouser-in-deep-red-co-ord/prd/207204815#colourWayId-207204825
product-207216613,https://www.asos.com/viggo/viggo-elanga-waffle-suit-jacket-in-navy-co-ord/prd/207216613#colourWayId-207216620
product-206098855,https://www.asos.com/sixth-june/sixth-june-co-ord-summer-print-set-in-multi/grp/207387214#colourWayId-206098857&productId-206098855
product-206623684,https://www.asos.com/asos-design/capsule-collection-ultimate-grey/grp/207172403#colourWayId-206623685&productId-206623684
product-207204734,https://www.asos.com/shelby-sons/shelby-and-sons-double-breasted-slim-blazer-in-beige-pinstripe-co-ord/prd/207204734#colourWayId-207204735
product-207204799,https://www.asos.com/shelby-sons/shelby-and-sons-cord-double-breasted-slim-blazer-co-ord-in-khaki/prd/207204799#colourWayId-207204801
product-207387214,https://www.asos.com/sixth-june/sixth-june-co-ord-summer-print-set-in-multi/grp/207387214#colourWayId-206098857
product-206916366,https://www.asos.com/the-couture-club/the-couture-club-co-ord-washed-essentials-hoodie-in-black/prd/206916366#colourWayId-206916368
product-207140286,https://www.asos.com/labelrail/labelrail-x-olibrom-seam-detail-straight-leg-jeans-in-washed-black-co-ord/prd/207140286#colourWayId-207140287
product-207219086,https://www.asos.com/twisted-tailor/twisted-tailor-farrow-skinny-suit-jacket-in-black-and-gold-co-ord/prd/207219086#colourWayId-207219089
product-205672870,https://www.asos.com/boss-bodywear/boss-bodywear-co-ord-rib-shorts-in-pastel-blue/prd/205672870#colourWayId-205672879
product-206099095,https://www.asos.com/sixth-june/sixth-june-co-ord-printed-linen-revere-set-in-white/grp/207386869#colourWayId-206099098&productId-206099095
product-206144096,https://www.asos.com/obey/obey-co-ord-graphic-mesh-set-in-black/grp/207075375#colourWayId-206144107&productId-206144096
product-206195523,https://www.asos.com/only-sons/only-sons-woven-co-ord-in-beige-blue-stripe/grp/207253423#colourWayId-206195628&productId-206195523
product-206370460,https://www.asos.com/asos-design/asos-design-crochet-lounge-set-in-light-brown/prd/206370460#colourWayId-206370461
product-206478892,https://www.asos.com/the-couture-club/the-couture-club-co-ord-nylon-zip-through-utility-shirt-in-brown/prd/206478892#colourWayId-206478893
product-206478919,https://www.asos.com/the-couture-club/the-couture-club-co-ord-emblem-print-set-in-grey/grp/207233276#colourWayId-206478920&productId-206478919
product-206872501,https://www.asos.com/asos-design/asos-design-oversized-linen-look-co-ord-khaki/grp/207199117#colourWayId-206872513&productId-206872501
product-206945866,https://www.asos.com/new-look/new-look-cheesecloth-shirt-co-ord-in-blue/prd/206945866#colourWayId-206945867
product-206989998,https://www.asos.com/lacoste/lacoste-logo-cord-shacket-in-black/prd/206989998#colourWayId-206990019
product-207097127,https://www.asos.com/the-couture-club/the-couture-club-co-ord-washed-essentials-hoodie-in-brown/prd/207097127#colourWayId-207097129
product-207135912,https://www.asos.com/river-island/river-island-jersey-shorts-co-ord-in-khaki/prd/207135912#colourWayId-207135914
product-207138277,https://www.asos.com/asos-design/asos-design-co-ord-relaxed-t-shirt-in-neutral-stripe/prd/207138277#colourWayId-207138278
product-207204726,https://www.asos.com/shelby-sons/shelby-and-sons-double-breasted-tweed-slim-blazer-in-brown-check-co-ord/prd/207204726#colourWayId-207204727
product-207219359,https://www.asos.com/twisted-tailor/twisted-tailor-aston-double-breasted-slim-suit-jacket-in-blue-co-ord/prd/207219359#colourWayId-207219360
product-207295690,https://www.asos.com/asos-design/asos-design-relaxed-boxy-t-shirt-and-baggy-trouser-co-ord-in-beige-pinstripe/grp/207357761#colourWayId-207295696&productId-207295690
product-206824638,https://www.asos.com/levis/levis-standard-camp-short-shirt-co-ord-in-blue-denim/grp/206824638
product-207075375,https://www.asos.com/obey/obey-co-ord-graphic-mesh-set-in-black/grp/207075375
product-207233276,https://www.asos.com/the-couture-club/the-couture-club-co-ord-emblem-print-set-in-grey/grp/207233276
product-207311058,https://www.asos.com/asos-design/asos-design-smart-co-ord-slim-fit-in-black/grp/207311058#colourWayId-206112897
product-207356980,https://www.asos.com/south-beach/south-beach-beach-co-ord-in-knit-brown-and-white-stripe/grp/207356980#colourWayId-206304110
product-207357761,https://www.asos.com/asos-design/asos-design-relaxed-boxy-t-shirt-and-baggy-trouser-co-ord-in-beige-pinstripe/grp/207357761
product-207726627,https://www.asos.com/asos-design/spider-co-ord/grp/207726627#colourWayId-206702532
product-207722339,https://www.asos.com/labelrail/labelrail-x-olibrom-fluffy-longline-shorts-in-yellow-and-green-stripe-co-ord/prd/207722339#colourWayId-207722340
product-207204850,https://www.asos.com/shelby-sons/shelby-and-sons-double-breasted-tailored-slim-blazer-in-mid-brown-co-ord/prd/207204850#colourWayId-207204863
product-207216597,https://www.asos.com/viggo/viggo-santos-jacket-in-waffle-in-stone-blue-co-ord/prd/207216597#colourWayId-207216599
product-207219110,https://www.asos.com/twisted-tailor/twisted-tailor-suit-in-green-and-navy-check-co-ord/grp/207665642#colourWayId-207219147&productId-207219110
product-207140188,https://www.asos.com/labelrail/labelrail-x-olibrom-straight-leg-joggers-in-blue-and-red-co-ord/prd/207140188#colourWayId-207140190
product-205138458,https://www.asos.com/topman/topman-plisse-co-ord-in-black/grp/205622520#colourWayId-205138460&productId-205138458
product-205458227,https://www.asos.com/south-beach/south-beach-beach-co-ord-in-seersucker/grp/206129735#colourWayId-205458228&productId-205458227
product-205488832,https://www.asos.com/asos-design/asos-design-knitted-midweight-shorts-co-ord-in-blue/grp/207291640#colourWayId-205488847&productId-205488832
product-205777839,https://www.asos.com/levis/levis-standard-camp-short-shirt-co-ord-in-blue-denim/grp/206824638#colourWayId-205777840&productId-205777839
product-206099110,https://www.asos.com/sixth-june/sixth-june-co-ord-summer-print-set-in-multi/grp/207387214#colourWayId-206099112&productId-206099110
product-206297044,https://www.asos.com/river-island/river-island-textured-shorts-and-shirt-co-ord-in-medium-stone/grp/206744139#colourWayId-206297051&productId-206297044
product-206297190,https://www.asos.com/river-island/river-island-waffle-t-shirt-co-ord-in-light-stone/prd/206297190#colourWayId-206297202
product-206298778,https://www.asos.com/south-beach/south-beach-mix-match-weave-beachwear-in-brown/grp/207280459#colourWayId-206298779&productId-206298778
product-206304107,https://www.asos.com/south-beach/south-beach-beach-short-co-ord-in-knit-brown-and-white-stripe/prd/206304107#colourWayId-206304110
product-206385612,https://www.asos.com/topman/topman-plisse-co-ord-in-brown/grp/206818453#colourWayId-206385614&productId-206385612
product-206872712,https://www.asos.com/asos-design/asos-design-oversized-linen-look-co-ord-in-black/grp/207199118#colourWayId-206872715&productId-206872712
product-207004349,https://www.asos.com/asos-design/asos-design-beige-oversized-co-ord/grp/207101741#colourWayId-207004358&productId-207004349
product-207066170,https://www.asos.com/boss-bodywear/boss-bodywear-co-ord-waffle-shorts-in-black/prd/207066170#colourWayId-207066179
product-207204765,https://www.asos.com/shelby-sons/shelby-and-sons-tailored-blazer-in-navy-pinstripe-co-ord/prd/207204765#colourWayId-207204803
product-207204885,https://www.asos.com/shelby-sons/shelby-and-sons-tailored-slim-blazer-in-light-grey-co-ord/prd/207204885#colourWayId-207204886
product-207219155,https://www.asos.com/twisted-tailor/twisted-tailor-suit-co-ord-in-black-floral/grp/207556888#colourWayId-207219188&productId-207219155
product-207216583,https://www.asos.com/viggo/viggo-waffle-suit-trousers-in-navy-co-ord/prd/207216583#colourWayId-207216584
product-207204907,https://www.asos.com/shelby-sons/shelby-and-sons-tailored-slim-trouser-in-light-grey-co-ord/prd/207204907#colourWayId-207204908
product-207216643,https://www.asos.com/viggo/viggo-relaxed-tailored-trousers-in-dark-brown-abstract-print-co-ord/prd/207216643#colourWayId-207216672
product-207216700,https://www.asos.com/viggo/viggo-lavoir-suit-trousers-in-burnt-orange-co-ord/prd/207216700#colourWayId-207216701
product-207219208,https://www.asos.com/twisted-tailor/twisted-tailor-suit-trousers-in-mono-leopard-co-ord/prd/207219208#colourWayId-207219210
product-207219344,https://www.asos.com/twisted-tailor/twisted-tailor-ersat-suit-co-ord-in-red-floral/grp/207646259#colourWayId-207219345&productId-207219344
product-207646259,https://www.asos.com/twisted-tailor/twisted-tailor-ersat-suit-co-ord-in-red-floral/grp/207646259#colourWayId-207219226
product-207204709,https://www.asos.com/shelby-sons/shelby-and-sons-tailored-slim-trouser-khaki-pinstripe-co-ord/prd/207204709#colourWayId-207204713
product-207216562,https://www.asos.com/viggo/viggo-tailoreed-cargo-trousers-in-waffle-in-stone-blue-co-ord/prd/207216562#colourWayId-207216564
product-207216658,https://www.asos.com/viggo/viggo-eriksen-suit-trousers-in-denim-heart-co-ord/prd/207216658#colourWayId-207216659
product-207474386,https://www.asos.com/lyle-scott/lyle-scott-co-ord-cord-trouser-in-navy/prd/207474386#colourWayId-207474387
product-207530049,https://www.asos.com/pullbear/pullbear-black-label-co-ord-denim-jeans-in-grey/prd/207530049#colourWayId-207530050
product-207216642,https://www.asos.com/viggo/viggo-lisandro-suit-trousers-in-dark-brown-co-ord/prd/207216642#colourWayId-207216644
product-207219225,https://www.asos.com/twisted-tailor/twisted-tailor-suit-trousers-in-denim-patch-co-ord/prd/207219225#colourWayId-207219242
product-207219274,https://www.asos.com/twisted-tailor/twisted-tailor-draco-skinny-suit-trousers-in-black-co-ord/prd/207219274#colourWayId-207219304
product-207219171,https://www.asos.com/twisted-tailor/twisted-tailor-suit-in-green-and-navy-check-co-ord/grp/207665642#colourWayId-207219173&productId-207219171
product-206702525,https://www.asos.com/asos-design/spider-co-ord/grp/207726627#colourWayId-206702532&productId-206702525
product-206878192,https://www.asos.com/twisted-tailor/twisted-tailor-barlow-suit-trousers-in-navy-co-ord/prd/206878192#colourWayId-206878193
product-207219240,https://www.asos.com/twisted-tailor/twisted-tailor-farrow-skinny-suit-trousers-in-black-and-gold-co-ord/prd/207219240#colourWayId-207219267
product-207622665,https://www.asos.com/reclaimed-vintage/reclaimed-vintage-unisex-heavyweight-boxy-co-ord-in-grey-marl/grp/207728518#colourWayId-207622676&productId-207622665
product-206956404,https://www.asos.com/jack-jones/jack-jones-jersey-lounge-short-pyjama-set-in-grey-white/prd/206956404#colourWayId-206956406
product-207204893,https://www.asos.com/shelby-sons/shelby-and-sons-tweed-slim-trousers-in-brown-check-co-ord/prd/207204893#colourWayId-207204894
product-207219111,https://www.asos.com/twisted-tailor/twisted-tailor-aston-suit-slim-trousers-in-blue-co-ord/prd/207219111#colourWayId-207219114
product-206446001,https://www.asos.com/asos-design/asos-design-cord-overshirt-in-green/prd/206446001#colourWayId-206446002
product-207204711,https://www.asos.com/shelby-sons/shelby-and-sons-slim-tailored-trouser-in-cord-in-khaki-co-ord/prd/207204711#colourWayId-207204744
product-207073841,https://www.asos.com/jack-jones/jack-jones-printed-pyjama-set-in-black-check/prd/207073841#colourWayId-207073889
product-206957677,https://www.asos.com/jack-jones/jack-jones-cotton-check-lounge-pyjama-short-set-with-t-shirt-in-white-with-blue-stripe/prd/206957677#colourWayId-206957679
product-207073951,https://www.asos.com/jack-jones/jack-jones-lounge-set-in-black/prd/207073951#colourWayId-207073978
product-206955999,https://www.asos.com/jack-jones/jack-jones-jersey-lounge-short-pyjama-set-in-black/prd/206955999#colourWayId-206956050
product-206958314,https://www.asos.com/jack-jones/jack-jones-brushed-check-pyjama-bottom-in-beige-black/prd/206958314#colourWayId-206958315
product-206630259,https://www.asos.com/collusion/collusion-unisex-co-ord-ultimate-suit-jacket-and-trouser-in-stone/grp/206630259#colourWayId-205759524
product-207219125,https://www.asos.com/twisted-tailor/twisted-tailor-suit-co-ord-in-black-floral/grp/207556888#colourWayId-207219128&productId-207219125
product-207556888,https://www.asos.com/twisted-tailor/twisted-tailor-suit-co-ord-in-black-floral/grp/207556888#colourWayId-207219128
product-206958322,https://www.asos.com/jack-jones/jack-jones-brushed-check-pyjama-bottom-in-beige-rust/prd/206958322#colourWayId-206958323
product-207073921,https://www.asos.com/jack-jones/jack-jones-lounge-set-in-grey/prd/207073921#colourWayId-207073943
product-204416251,https://www.asos.com/only-sons/only-sons-ribbed-polo-short-co-ord-in-white/grp/205104255#colourWayId-204416252&productId-204416251
product-206195659,https://www.asos.com/only-sons/only-sons-cheesecloth-shirt-shorts-co-ord-in-light-sage/grp/207097020#colourWayId-206195684&productId-206195659
product-206854947,https://www.asos.com/polo-ralph-lauren/polo-ralph-lauren-big-tall-icon-logo-zip-front-cord-overshirt-classic-fit-in-navy/prd/206854947#colourWayId-206854976
product-206957646,https://www.asos.com/jack-jones/jack-jones-cotton-check-lounge-pyjama-set-with-t-shirt-in-navy/prd/206957646#colourWayId-206957649
product-206910433,https://www.asos.com/the-couture-club/the-couture-club-co-ord-stripe-trim-knitted-set-in-white/grp/206910433
product-204416259,https://www.asos.com/only-sons/only-sons-ribbed-polo-short-co-ord-in-beige/grp/205051665#colourWayId-204416260&productId-204416259
product-205458155,https://www.asos.com/south-beach/south-beach-beach-co-ord-in-sage-green/grp/206129738#colourWayId-205458156&productId-205458155
product-205458243,https://www.asos.com/south-beach/southbeach-beach-short-co-ord-abstract-palm-print/prd/205458243#colourWayId-205458244
product-205607249,https://www.asos.com/asos-design/asos-design-unisex-co-ord-oversized-sweatshirt-in-washed-blue/prd/205607249#colourWayId-205607250
product-205617371,https://www.asos.com/asos-design/asos-design-unisex-co-ord-oversized-zip-through-hoodie-in-washed-beige/prd/205617371#colourWayId-205617372
product-205656707,https://www.asos.com/asos-design/asos-design-smart-co-ord-oversized-trucker-jacket-in-green/prd/205656707#colourWayId-205656723
product-205800640,https://www.asos.com/new-look/new-look-waffle-textured-short-co-ord-in-light-brown/prd/205800640#colourWayId-205800650
product-205901682,https://www.asos.com/chelsea-peers/chelsea-peers-cotton-twill-beach-co-ord-in-brown/grp/207192272#colourWayId-205901683&productId-205901682
product-205929654,https://www.asos.com/new-look/new-look-co-ord-waffle-oversized-tshirt-in-stone/prd/205929654#colourWayId-205929671
product-205966519,https://www.asos.com/collusion/collusion-unisex-pull-on-relaxed-suit-jogger-co-ord-in-check/prd/205966519#colourWayId-205966520
